Fitness,Generation
0.01381844,0
0.083799382,1
0.195576519,2
496.0951547,3
1327.046381,4