MSE,Generation
56.70149287,0
9.350023244,1
4.006238436,2
0.001579387,3
0.000590429,4